{"name":"Rox the Bot","prefix":"!","lang":"fr","prenium":true,"beta":false,"quitMsg":true,"joinMsg":true,"joinText":"Salut {mention}, grâce à toi nous sommes maintenant {users} sur le discord, invite le bot pour nous faire plaisir avec la commande `!invite`","quitText":"Oh.. non {username} a quitter le serveur, malheureusement nous revenons à {users} membres","joinChannel":"general","quitChannel":"general","adminRole":"× Rox Team","modRole":"× Modérateur","msgEmbed":true,"msgImg":null,"embedTitle":"**RoxBot Server**","autoRole":true,"autoRoleName":"× Membres","sysXp":false,"xpByLevel":500,"maxLevel":5,"logsMsg":null,"levelUpMsg":null,"limitCC":null,"countCC":null,"embedImg":"null"}